time,open,high,low,close,tick_vol,spread,real_vol,body,range,upper_wick,lower_wick,direction,hlc3,body_pct
2000-06-01 00:00:00+00:00,285.25,293.6,281.55,289.3,6664,0,0,4.050000000000011,12.050000000000011,4.300000000000011,3.6999999999999886,1,288.15000000000003,0.3360995850594521
2000-07-01 00:00:00+00:00,288.6,290.6,276.05,277.5,13446,0,0,11.100000000000023,14.550000000000011,2.0,1.4499999999999886,-1,281.3833333333334,0.7628865979329021
2000-08-01 00:00:00+00:00,276.95,279.6,270.0,278.2,14328,0,0,1.25,9.600000000000023,1.400000000000034,6.949999999999989,1,275.93333333333334,0.13020833333197668
2000-09-01 00:00:00+00:00,277.5,279.95,268.25,274.5,14156,0,0,3.0,11.699999999999989,2.4499999999999886,6.25,-1,274.23333333333335,0.25641025640806514
2000-10-01 00:00:00+00:00,274.1,278.1,261.85,264.75,15826,0,0,9.350000000000023,16.25,4.0,2.8999999999999773,-1,268.23333333333335,0.575384615381076
2000-11-01 00:00:00+00:00,264.45,271.65,262.85,270.7,13247,0,0,6.25,8.799999999999955,0.9499999999999886,1.599999999999966,1,268.40000000000003,0.7102272727192056
2000-12-01 00:00:00+00:00,270.2,276.65,267.8,272.5,12186,0,0,2.3000000000000114,8.849999999999966,4.149999999999977,2.3999999999999773,1,272.31666666666666,0.25988700564678324
2001-01-01 00:00:00+00:00,272.45,274.0,261.7,266.55,14371,0,0,5.899999999999977,12.300000000000011,1.5500000000000114,4.850000000000023,-1,267.4166666666667,0.4796747967440654
2001-02-01 00:00:00+00:00,265.6,270.12,253.5,267.4,13284,0,0,1.7999999999999545,16.620000000000005,2.7200000000000273,12.100000000000023,1,263.67333333333335,0.10830324909681853
2001-03-01 00:00:00+00:00,266.9,275.6,256.75,258.2,15852,0,0,8.699999999999989,18.850000000000023,8.700000000000045,1.4499999999999886,-1,263.51666666666665,0.46153846153601197
2001-04-01 00:00:00+00:00,257.8,267.45,254.2,263.8,12811,0,0,6.0,13.25,3.6499999999999773,3.6000000000000227,1,261.81666666666666,0.4528301886758277
2001-05-01 00:00:00+00:00,263.3,299.0,263.25,266.1,21447,0,0,2.8000000000000114,35.75,32.89999999999998,0.05000000000001137,1,276.1166666666667,0.07832167832145956
2001-06-01 00:00:00+00:00,265.6,279.55,264.25,271.1,17356,0,0,5.5,15.300000000000011,8.449999999999989,1.3500000000000227,1,271.6333333333333,0.35947712418065675
2001-07-01 00:00:00+00:00,270.6,272.5,264.0,267.1,12787,0,0,3.5,8.5,1.8999999999999773,3.1000000000000227,-1,267.8666666666667,0.41176470587750863
2001-08-01 00:00:00+00:00,266.6,281.7,265.75,274.7,15583,0,0,8.099999999999966,15.949999999999989,7.0,0.8500000000000227,1,274.05,0.5078369905924256
2001-09-01 00:00:00+00:00,274.45,296.1,270.45,293.45,24967,0,0,19.0,25.650000000000034,2.650000000000034,4.0,1,286.6666666666667,0.7407407407378519
2001-10-01 00:00:00+00:00,292.0,294.62,273.95,279.75,18529,0,0,12.25,20.670000000000016,2.6200000000000045,5.800000000000011,-1,282.7733333333333,0.592646347360461
2001-11-01 00:00:00+00:00,279.25,282.5,271.7,274.65,12867,0,0,4.600000000000023,10.800000000000011,3.25,2.9499999999999886,-1,276.28333333333336,0.4259259259219838
2001-12-01 00:00:00+00:00,274.15,281.75,270.95,279.2,12262,0,0,5.050000000000011,10.800000000000011,2.5500000000000114,3.1999999999999886,1,277.3,0.4675925925882636
2002-01-01 00:00:00+00:00,278.2,290.0,276.55,282.95,15195,0,0,4.75,13.449999999999989,7.050000000000011,1.6499999999999773,1,283.1666666666667,0.3531598512984898
2002-02-01 00:00:00+00:00,282.7,309.3,281.45,296.8,19889,0,0,14.100000000000023,27.850000000000023,12.5,1.25,1,295.84999999999997,0.5062836624757409
2002-03-01 00:00:00+00:00,296.3,305.27,287.4,302.75,13966,0,0,6.449999999999989,17.870000000000005,2.519999999999982,8.900000000000034,1,298.4733333333333,0.3609401231093393
2002-04-01 00:00:00+00:00,301.75,313.0,296.75,308.7,16491,0,0,6.949999999999989,16.25,4.300000000000011,5.0,1,306.15000000000003,0.4276923076896751
2002-05-01 00:00:00+00:00,308.2,330.25,305.95,326.8,19689,0,0,18.600000000000023,24.30000000000001,3.4499999999999886,2.25,1,321.0,0.7654320987622828
2002-06-01 00:00:00+00:00,326.3,332.15,309.9,314.7,20440,0,0,11.600000000000023,22.25,5.849999999999966,4.800000000000011,-1,318.9166666666667,0.5213483146043995
2002-07-01 00:00:00+00:00,313.7,326.4,300.5,303.8,20659,0,0,9.899999999999977,25.899999999999977,12.699999999999989,3.3000000000000114,-1,310.23333333333335,0.3822393822379059
2002-08-01 00:00:00+00:00,303.3,318.5,298.45,313.0,19092,0,0,9.699999999999989,20.05000000000001,5.5,4.850000000000023,1,309.98333333333335,0.48379052368835934
2002-09-01 00:00:00+00:00,312.5,328.3,310.9,324.17,23867,0,0,11.670000000000016,17.400000000000034,4.1299999999999955,1.6000000000000227,1,321.1233333333334,0.6706896551685589
2002-10-01 00:00:00+00:00,323.75,324.72,308.5,317.77,25701,0,0,5.980000000000018,16.220000000000027,0.9700000000000273,9.269999999999982,-1,316.99666666666667,0.36868064118145133
2002-11-01 00:00:00+00:00,317.75,325.4,315.62,318.15,26336,0,0,0.39999999999997726,9.779999999999973,7.25,2.1299999999999955,1,319.7233333333333,0.04089979550060208
2002-12-01 00:00:00+00:00,318.47,354.72,315.7,348.05,34668,0,0,29.579999999999984,39.02000000000004,6.670000000000016,2.7700000000000387,1,339.49,0.7580727831861647
2003-01-01 00:00:00+00:00,347.3,374.22,342.11,368.15,53634,0,0,20.849999999999966,32.110000000000014,6.07000000000005,5.189999999999998,1,361.49333333333334,0.6493304266563383
2003-02-01 00:00:00+00:00,368.15,389.25,341.0,349.95,55057,0,0,18.19999999999999,48.25,21.100000000000023,8.949999999999989,-1,360.06666666666666,0.3772020725380781
2003-03-01 00:00:00+00:00,349.5,358.6,325.49,336.55,44959,0,0,12.949999999999989,33.110000000000014,9.100000000000023,11.060000000000002,-1,340.21333333333337,0.3911205073983954
2003-04-01 00:00:00+00:00,337.11,340.35,318.88,338.55,42019,0,0,1.4399999999999977,21.470000000000027,1.8000000000000114,18.230000000000018,1,332.5933333333333,0.06707033069367904
2003-05-01 00:00:00+00:00,339.45,375.02,337.7,364.85,46321,0,0,25.400000000000034,37.31999999999999,10.169999999999959,1.75,1,359.19000000000005,0.6806002143604496
2003-06-01 00:00:00+00:00,363.25,370.3,342.6,345.45,62937,0,0,17.80000000000001,27.69999999999999,7.050000000000011,2.849999999999966,-1,352.78333333333336,0.6425992779760202
2003-07-01 00:00:00+00:00,345.55,368.8,340.3,355.3,78118,0,0,9.75,28.5,13.5,5.25,1,354.8,0.3421052631566944
2003-08-01 00:00:00+00:00,355.8,378.6,344.8,375.3,80810,0,0,19.5,33.80000000000001,3.3000000000000114,11.0,1,366.23333333333335,0.5769230769213698
2003-09-01 00:00:00+00:00,375.0,394.5,369.1,385.1,37316,0,0,10.100000000000023,25.399999999999977,9.399999999999977,5.899999999999977,1,382.90000000000003,0.3976377952740263
2003-10-01 00:00:00+00:00,385.5,392.8,366.0,384.0,62272,0,0,1.5,26.80000000000001,7.300000000000011,18.0,-1,380.93333333333334,0.05597014925352248
2003-11-01 00:00:00+00:00,384.6,401.6,375.3,397.8,52220,0,0,13.199999999999989,26.30000000000001,3.8000000000000114,9.300000000000011,1,391.56666666666666,0.5019011406825017
2003-12-01 00:00:00+00:00,397.5,418.6,396.3,415.6,50077,0,0,18.100000000000023,22.30000000000001,3.0,1.1999999999999886,1,410.1666666666667,0.811659192821473
2004-01-01 00:00:00+00:00,414.61,431.1,395.8,401.6,100217,0,0,13.009999999999991,35.30000000000001,16.49000000000001,5.800000000000011,-1,409.5,0.3685552407921567
2004-02-01 00:00:00+00:00,402.6,418.2,390.3,396.0,102134,0,0,6.600000000000023,27.899999999999977,15.599999999999966,5.699999999999989,-1,401.5,0.23655913978409937
2004-03-01 00:00:00+00:00,395.0,427.8,387.6,426.7,94478,0,0,31.69999999999999,40.19999999999999,1.1000000000000227,7.399999999999977,1,414.03333333333336,0.7885572139283866
2004-04-01 00:00:00+00:00,426.7,431.6,377.2,386.7,60077,0,0,40.0,54.400000000000034,4.900000000000034,9.5,-1,398.5,0.7352941176457067
2004-05-01 00:00:00+00:00,386.8,397.3,370.5,395.1,53196,0,0,8.300000000000011,26.80000000000001,2.1999999999999886,16.30000000000001,1,387.6333333333334,0.30970149253615814
2004-06-01 00:00:00+00:00,395.3,405.6,381.1,393.3,43920,0,0,2.0,24.5,10.300000000000011,12.199999999999989,-1,393.3333333333333,0.0816326530608913
2004-07-01 00:00:00+00:00,393.6,409.6,385.1,390.6,24336,0,0,3.0,24.5,16.0,5.5,-1,395.1000000000001,0.12244897959133695
2004-08-01 00:00:00+00:00,390.8,414.8,388.6,409.6,34859,0,0,18.80000000000001,26.19999999999999,5.199999999999989,2.1999999999999886,1,404.3333333333333,0.717557251905659
2004-09-01 00:00:00+00:00,409.3,419.6,394.3,417.8,56407,0,0,8.5,25.30000000000001,1.8000000000000114,15.0,1,410.56666666666666,0.33596837944531227
2004-10-01 00:00:00+00:00,417.8,431.2,409.1,428.1,27942,0,0,10.300000000000011,22.099999999999966,3.099999999999966,8.699999999999989,1,422.8,0.46606334841418195
2004-11-01 00:00:00+00:00,429.1,455.8,416.8,450.8,30344,0,0,21.69999999999999,39.0,5.0,12.300000000000011,1,441.1333333333334,0.5564102564088294
2004-12-01 00:00:00+00:00,450.6,457.3,431.5,437.79,32955,0,0,12.810000000000002,25.80000000000001,6.699999999999989,6.2900000000000205,-1,442.19666666666666,0.4965116279050522
2005-01-01 00:00:00+00:00,438.3,438.8,416.5,422.1,34948,0,0,16.19999999999999,22.30000000000001,0.5,5.600000000000023,-1,425.8,0.7264573990998805
2005-02-01 00:00:00+00:00,422.7,438.7,409.8,435.5,40915,0,0,12.800000000000011,28.899999999999977,3.1999999999999886,12.899999999999977,1,428.0,0.4429065743929319
2005-03-01 00:00:00+00:00,434.8,447.6,423.1,427.8,29884,0,0,7.0,24.5,12.800000000000011,4.699999999999989,-1,432.8333333333333,0.2857142857131196
2005-04-01 00:00:00+00:00,427.6,438.2,421.7,434.5,34670,0,0,6.899999999999977,16.5,3.6999999999999886,5.900000000000034,1,431.4666666666667,0.4181818181792824
2005-05-01 00:00:00+00:00,434.6,435.1,413.3,416.8,38161,0,0,17.80000000000001,21.80000000000001,0.5,3.5,-1,421.73333333333335,0.8165137614641446
2005-06-01 00:00:00+00:00,416.5,444.2,414.2,435.0,18579,0,0,18.5,30.0,9.199999999999989,2.3000000000000114,1,431.1333333333334,0.6166666666646111
2005-07-01 00:00:00+00:00,434.3,437.2,417.8,429.3,15327,0,0,5.0,19.399999999999977,2.8999999999999773,11.5,-1,428.09999999999997,0.2577319587615584
2005-08-01 00:00:00+00:00,429.8,449.1,428.6,434.7,18665,0,0,4.899999999999977,20.5,14.400000000000034,1.1999999999999886,1,437.4666666666667,0.2390243902427354
2005-09-01 00:00:00+00:00,434.6,475.0,434.3,468.8,25098,0,0,34.19999999999999,40.69999999999999,6.199999999999989,0.30000000000001137,1,459.3666666666666,0.8402948402927756
2005-10-01 00:00:00+00:00,467.3,480.0,459.5,465.2,20541,0,0,2.1000000000000227,20.5,12.699999999999989,5.699999999999989,-1,468.23333333333335,0.10243902438974532
2005-11-01 00:00:00+00:00,465.3,502.2,454.8,492.6,27412,0,0,27.30000000000001,47.39999999999998,9.599999999999966,10.5,1,483.2,0.575949367087393
2005-12-01 00:00:00+00:00,492.2,540.5,489.3,516.0,24308,0,0,23.80000000000001,51.19999999999999,24.5,2.8999999999999773,1,515.2666666666667,0.4648437499990924
2006-01-01 00:00:00+00:00,516.7,572.2,516.2,568.7,30674,0,0,52.0,56.0,3.5,0.5,1,552.3666666666667,0.9285714285697704
2006-02-01 00:00:00+00:00,568.6,574.7,534.6,561.2,23795,0,0,7.399999999999977,40.10000000000002,6.100000000000023,26.600000000000023,-1,556.8333333333334,0.18453865336612266
2006-03-01 00:00:00+00:00,562.0,589.1,533.7,583.5,19285,0,0,21.5,55.39999999999998,5.600000000000023,28.299999999999955,1,568.7666666666668,0.3880866425985776
2006-04-01 00:00:00+00:00,582.35,655.5,581.2,653.7,22754,0,0,71.35000000000002,74.29999999999995,1.7999999999999545,1.1499999999999773,1,630.1333333333333,0.9602960969031499
2006-05-01 00:00:00+00:00,654.1,729.7,635.6,642.6,49433,0,0,11.5,94.10000000000002,75.60000000000002,7.0,-1,669.3000000000001,0.12221041445257998
2006-06-01 00:00:00+00:00,642.8,645.2,543.2,615.2,52224,0,0,27.59999999999991,102.0,2.400000000000091,72.0,-1,601.2,0.27058823529385145
2006-07-01 00:00:00+00:00,617.0,676.0,602.1,635.5,22377,0,0,18.5,73.89999999999998,40.5,14.899999999999977,1,637.8666666666667,0.2503382949928954
2006-08-01 00:00:00+00:00,635.7,655.5,607.0,625.0,22199,0,0,10.700000000000045,48.5,19.799999999999955,18.0,-1,629.1666666666666,0.22061855670057698
2006-09-01 00:00:00+00:00,625.2,640.2,570.3,597.7,64207,0,0,27.5,69.90000000000009,15.0,27.40000000000009,-1,602.7333333333333,0.3934191702426412
2006-10-01 00:00:00+00:00,598.0,610.6,559.2,605.7,84638,0,0,7.7000000000000455,51.39999999999998,4.899999999999977,38.799999999999955,1,591.8333333333334,0.14980544747052663
2006-11-01 00:00:00+00:00,606.0,648.3,605.1,647.2,89846,0,0,41.200000000000045,43.19999999999993,1.099999999999909,0.8999999999999773,1,633.5333333333334,0.9537037037014986
2006-12-01 00:00:00+00:00,647.5,649.6,611.1,635.6,62531,0,0,11.899999999999977,38.5,2.1000000000000227,24.5,-1,632.1,0.30909090909010567
2007-01-01 00:00:00+00:00,638.2,654.5,601.5,652.7,75509,0,0,14.5,53.0,1.7999999999999545,36.700000000000045,1,636.2333333333333,0.27358490565986116
2007-02-01 00:00:00+00:00,652.6,688.1,642.7,669.1,70462,0,0,16.5,45.39999999999998,19.0,9.899999999999977,1,666.6333333333333,0.36343612334721725
2007-03-01 00:00:00+00:00,669.2,677.0,632.2,663.2,92250,0,0,6.0,44.799999999999955,7.7999999999999545,31.0,-1,657.4666666666667,0.1339285714282726
2007-04-01 00:00:00+00:00,663.1,693.3,655.9,677.7,81703,0,0,14.600000000000023,37.39999999999998,15.599999999999909,7.2000000000000455,1,675.6333333333333,0.3903743315497592
2007-05-01 00:00:00+00:00,677.8,690.4,651.5,660.6,76199,0,0,17.199999999999932,38.89999999999998,12.600000000000023,9.100000000000023,-1,667.5,0.44215938303228086
2007-06-01 00:00:00+00:00,660.5,673.6,638.3,649.1,66496,0,0,11.399999999999977,35.30000000000007,13.100000000000023,10.800000000000068,-1,653.6666666666666,0.3229461756364776
2007-07-01 00:00:00+00:00,650.2,687.5,645.0,663.5,79545,0,0,13.299999999999955,42.5,24.0,5.2000000000000455,1,665.3333333333334,0.3129411764698508
2007-08-01 00:00:00+00:00,663.4,676.4,641.6,672.8,104256,0,0,9.399999999999977,34.799999999999955,3.6000000000000227,21.799999999999955,1,663.6,0.27011494252795915
2007-09-01 00:00:00+00:00,672.7,745.4,671.0,742.9,112241,0,0,70.19999999999993,74.39999999999998,2.5,1.7000000000000455,1,719.7666666666668,0.9435483870955054
2007-10-01 00:00:00+00:00,742.8,797.0,720.3,796.3,166982,0,0,53.5,76.70000000000005,0.7000000000000455,22.5,1,771.1999999999999,0.6975228161659741
2007-11-01 00:00:00+00:00,796.4,845.4,772.5,782.7,244666,0,0,13.699999999999932,72.89999999999998,49.0,10.200000000000045,-1,800.2000000000002,0.18792866940989222
2007-12-01 00:00:00+00:00,783.8,841.8,776.8,831.5,148401,0,0,47.700000000000045,65.0,10.299999999999955,7.0,1,816.6999999999999,0.7338461538450255
2008-01-01 00:00:00+00:00,841.0,936.7,839.5,925.0,265150,0,0,84.0,97.20000000000005,11.700000000000045,1.5,1,900.4,0.864197530863308
2008-02-01 00:00:00+00:00,924.3,975.8,883.9,973.5,205977,0,0,49.200000000000045,91.89999999999998,2.2999999999999545,40.39999999999998,1,944.4,0.5353645266588305
2008-03-01 00:00:00+00:00,974.3,1032.2,904.4,915.8,190096,0,0,58.5,127.80000000000007,57.90000000000009,11.399999999999977,-1,950.7999999999998,0.457746478872881
2008-04-01 00:00:00+00:00,915.7,952.4,862.2,876.7,157089,0,0,39.0,90.19999999999993,36.69999999999993,14.5,-1,897.1,0.43237250554275825
2008-05-01 00:00:00+00:00,876.9,934.9,844.9,886.3,143173,0,0,9.399999999999977,90.0,48.60000000000002,32.0,1,888.6999999999999,0.10444444444432814
2008-06-01 00:00:00+00:00,887.9,934.9,857.1,924.6,148956,0,0,36.700000000000045,77.79999999999995,10.299999999999955,30.799999999999955,1,905.5333333333333,0.47172236503795495
2008-07-01 00:00:00+00:00,926.1,988.0,893.6,913.3,183483,0,0,12.800000000000068,94.39999999999998,61.89999999999998,19.699999999999932,-1,931.6333333333332,0.13559322033884016
2008-08-01 00:00:00+00:00,913.8,916.7,772.6,830.7,191457,0,0,83.09999999999991,144.10000000000002,2.900000000000091,58.10000000000002,-1,840.0,0.5766828591252063
2008-09-01 00:00:00+00:00,834.6,923.9,735.9,870.9,236906,0,0,36.299999999999955,188.0,53.0,98.70000000000005,1,843.5666666666666,0.1930851063828758
2008-10-01 00:00:00+00:00,871.6,931.1,681.4,723.7,277548,0,0,147.89999999999998,249.70000000000005,59.5,42.30000000000007,-1,778.7333333333332,0.5923107729272756
2008-11-01 00:00:00+00:00,726.7,830.5,699.7,817.5,249428,0,0,90.79999999999995,130.79999999999995,13.0,27.0,1,782.5666666666666,0.6941896024459524
2008-12-01 00:00:00+00:00,818.5,887.8,741.1,865.9,270589,0,0,47.39999999999998,146.69999999999993,21.899999999999977,77.39999999999998,1,831.6,0.3231083844578575
2009-01-01 00:00:00+00:00,874.2,929.2,801.9,926.5,332379,0,0,52.299999999999955,127.30000000000007,2.7000000000000455,72.30000000000007,1,885.8666666666667,0.4108405341709257
2009-02-01 00:00:00+00:00,925.88,1005.9,888.9,941.6,203154,0,0,15.720000000000027,117.0,64.29999999999995,36.98000000000002,1,945.4666666666667,0.13435897435885974
2009-03-01 00:00:00+00:00,938.43,966.8,883.0,917.4,555529,0,0,21.029999999999973,83.79999999999995,28.370000000000005,34.39999999999998,-1,922.4,0.2509546539376478
2009-04-01 00:00:00+00:00,917.8,932.6,864.54,885.5,723965,0,0,32.299999999999955,68.06000000000006,14.800000000000068,20.960000000000036,-1,894.2133333333333,0.4745812518359164
2009-05-01 00:00:00+00:00,887.45,980.02,880.03,974.78,518684,0,0,87.32999999999993,99.99000000000001,5.240000000000009,7.420000000000073,1,944.9433333333333,0.8733873387329991
2009-06-01 00:00:00+00:00,978.69,989.63,912.88,926.35,603116,0,0,52.34000000000003,76.75,10.93999999999994,13.470000000000027,-1,942.9533333333334,0.6819543973932487
2009-07-01 00:00:00+00:00,928.4,959.15,905.0,951.1,304515,0,0,22.700000000000045,54.14999999999998,8.049999999999955,23.399999999999977,1,938.4166666666666,0.4192059095098455
2009-08-01 00:00:00+00:00,952.73,971.6,930.0,951.75,256463,0,0,0.9800000000000182,41.60000000000002,18.870000000000005,21.75,-1,951.1166666666667,0.023557692307636102
2009-09-01 00:00:00+00:00,951.8,1023.62,946.35,1007.55,714548,0,0,55.75,77.26999999999998,16.07000000000005,5.449999999999932,1,992.5066666666667,0.72149605280093
2009-10-01 00:00:00+00:00,1007.22,1070.29,986.55,1045.04,917058,0,0,37.819999999999936,83.74000000000001,25.25,20.670000000000073,1,1033.96,0.451636016240205
2009-11-01 00:00:00+00:00,1042.77,1194.98,1042.73,1179.36,892486,0,0,136.58999999999992,152.25,15.620000000000118,0.03999999999996362,1,1139.0233333333333,0.8971428571422674
2009-12-01 00:00:00+00:00,1179.33,1226.21,1074.33,1097.65,1091200,0,0,81.67999999999984,151.8800000000001,46.88000000000011,23.320000000000164,-1,1132.73,0.5377929944689623
2010-01-01 00:00:00+00:00,1095.87,1161.62,1073.96,1081.71,917824,0,0,14.159999999999854,87.65999999999985,65.75,7.75,-1,1105.7633333333333,0.16153319644060832
2010-02-01 00:00:00+00:00,1083.26,1130.64,1044.02,1116.76,797886,0,0,33.5,86.62000000000012,13.88000000000011,39.24000000000001,1,1097.14,0.3867467097663505
2010-03-01 00:00:00+00:00,1121.12,1144.9,1085.12,1113.54,709705,0,0,7.579999999999927,59.7800000000002,23.7800000000002,28.420000000000073,-1,1114.52,0.1267982602875079
2010-04-01 00:00:00+00:00,1113.53,1181.3,1111.54,1178.22,529164,0,0,64.69000000000005,69.75999999999999,3.0799999999999272,1.990000000000009,1,1157.0200000000002,0.9273222477050936
2010-05-01 00:00:00+00:00,1176.57,1249.28,1157.7,1215.36,881311,0,0,38.789999999999964,91.57999999999993,33.92000000000007,18.86999999999989,1,1207.4466666666667,0.42356409696394015
2010-06-01 00:00:00+00:00,1215.38,1265.08,1196.65,1242.78,604272,0,0,27.399999999999864,68.42999999999984,22.299999999999955,18.730000000000018,1,1234.8366666666668,0.40040917726084885
2010-07-01 00:00:00+00:00,1242.76,1243.72,1156.82,1180.84,533196,0,0,61.92000000000007,86.90000000000009,0.9600000000000364,24.019999999999982,-1,1193.7933333333333,0.7125431530486623
2010-08-01 00:00:00+00:00,1181.23,1249.71,1174.59,1247.41,485320,0,0,66.18000000000006,75.12000000000012,2.2999999999999545,6.6400000000001,1,1223.9033333333334,0.8809904153342899
2010-09-01 00:00:00+00:00,1247.45,1315.75,1236.7,1306.7,483172,0,0,59.25,79.04999999999995,9.049999999999955,10.75,1,1286.3833333333332,0.7495256166973445
2010-10-01 00:00:00+00:00,1306.68,1386.97,1306.36,1357.66,414284,0,0,50.98000000000002,80.61000000000013,29.309999999999945,0.3200000000001637,1,1350.33,0.632427738493198
2010-11-01 00:00:00+00:00,1360.22,1424.44,1325.58,1383.66,539779,0,0,23.440000000000055,98.86000000000013,40.77999999999997,34.6400000000001,1,1377.8933333333334,0.23710297390224877
2010-12-01 00:00:00+00:00,1383.66,1430.85,1361.11,1417.65,412972,0,0,33.99000000000001,69.74000000000001,13.199999999999818,22.550000000000182,1,1403.2033333333336,0.48738170346933274
2011-01-01 00:00:00+00:00,1416.92,1423.71,1308.13,1332.43,409276,0,0,84.49000000000001,115.57999999999993,6.789999999999964,24.299999999999955,-1,1354.756666666667,0.7310088250556062
2011-02-01 00:00:00+00:00,1332.44,1418.05,1324.8,1410.64,348946,0,0,78.20000000000005,93.25,7.4099999999998545,7.6400000000001,1,1384.4966666666667,0.8386058981224256
2011-03-01 00:00:00+00:00,1410.68,1447.34,1380.95,1432.12,660280,0,0,21.439999999999827,66.38999999999987,15.220000000000027,29.730000000000018,1,1420.1366666666665,0.32294020183713773
2011-04-01 00:00:00+00:00,1432.28,1569.22,1412.77,1563.28,1335293,0,0,131.0,156.45000000000005,5.940000000000055,19.50999999999999,1,1515.09,0.8373282198780201
2011-05-01 00:00:00+00:00,1563.89,1575.65,1462.24,1535.16,1330302,0,0,28.730000000000018,113.41000000000008,11.759999999999991,72.92000000000007,-1,1524.3500000000001,0.25332863063199595
2011-06-01 00:00:00+00:00,1535.11,1558.1,1490.6,1499.46,738636,0,0,35.649999999999864,67.5,22.99000000000001,8.860000000000127,-1,1516.0533333333333,0.5281481481473637
2011-07-01 00:00:00+00:00,1499.46,1632.88,1477.81,1626.78,713538,0,0,127.31999999999994,155.07000000000016,6.100000000000136,21.65000000000009,1,1579.1566666666668,0.8210485587148881
2011-08-01 00:00:00+00:00,1605.31,1911.95,1605.31,1825.58,2054127,0,0,220.26999999999998,306.6400000000001,86.37000000000012,0.0,1,1780.9466666666667,0.7183342029739371
2011-09-01 00:00:00+00:00,1825.63,1920.73,1531.17,1623.59,2347663,0,0,202.0400000000002,389.55999999999995,95.09999999999991,92.41999999999985,-1,1691.83,0.518636410308934
2011-10-01 00:00:00+00:00,1621.19,1752.43,1595.84,1714.25,1168329,0,0,93.05999999999995,156.59000000000015,38.180000000000064,25.350000000000136,1,1687.506666666667,0.5942908231684043
2011-11-01 00:00:00+00:00,1714.12,1802.83,1665.19,1745.95,1282584,0,0,31.830000000000155,137.63999999999987,56.87999999999988,48.929999999999836,1,1737.99,0.23125544899721784
2011-12-01 00:00:00+00:00,1746.46,1763.03,1522.47,1564.48,1532632,0,0,181.98000000000002,240.55999999999995,16.569999999999936,42.00999999999999,-1,1616.6599999999999,0.7564848686395262
2012-01-01 00:00:00+00:00,1567.61,1747.46,1565.57,1737.16,2654688,0,0,169.55000000000018,181.8900000000001,10.299999999999955,2.0399999999999636,1,1683.3966666666665,0.9321567980642524
2012-02-01 00:00:00+00:00,1737.03,1790.39,1686.75,1696.44,3141019,0,0,40.58999999999992,103.6400000000001,53.36000000000013,9.690000000000055,-1,1724.5266666666666,0.3916441528363635
2012-03-01 00:00:00+00:00,1696.62,1725.53,1627.71,1667.6,3315059,0,0,29.019999999999982,97.81999999999994,28.910000000000082,39.88999999999987,-1,1673.6133333333335,0.2966673481902508
2012-04-01 00:00:00+00:00,1668.39,1683.08,1611.96,1664.35,3008820,0,0,4.040000000000191,71.11999999999989,14.689999999999827,52.38999999999987,-1,1653.1299999999999,0.056805399325007264
2012-05-01 00:00:00+00:00,1664.3,1671.16,1526.63,1560.02,3992113,0,0,104.27999999999997,144.52999999999997,6.860000000000127,33.38999999999987,-1,1585.9366666666665,0.7215111049604086
2012-06-01 00:00:00+00:00,1560.02,1640.8,1544.69,1597.04,5018957,0,1075141527,37.01999999999998,96.1099999999999,43.75999999999999,15.329999999999927,1,1594.1766666666665,0.38518364374114555
2012-07-01 00:00:00+00:00,1597.13,1629.62,1554.52,1614.14,4266577,0,924065066,17.00999999999999,75.09999999999991,15.47999999999979,42.61000000000013,1,1599.4266666666665,0.2264980026628144
2012-08-01 00:00:00+00:00,1614.05,1692.97,1581.75,1691.62,3746379,0,977087840,77.56999999999994,111.22000000000003,1.3500000000001364,32.299999999999955,1,1655.4466666666667,0.6974465024269931
2012-09-01 00:00:00+00:00,1689.28,1787.37,1683.93,1772.16,4164444,0,1169947986,82.88000000000011,103.43999999999983,15.209999999999809,5.349999999999909,1,1747.82,0.8012374323271474
2012-10-01 00:00:00+00:00,1769.46,1795.91,1696.98,1720.57,5133549,0,1519777364,48.8900000000001,98.93000000000006,26.450000000000045,23.589999999999918,-1,1737.82,0.49418780956181796
2012-11-01 00:00:00+00:00,1719.63,1754.26,1671.0,1714.62,3801767,0,1197635369,5.010000000000218,83.25999999999999,34.62999999999988,43.61999999999989,-1,1713.2933333333333,0.06017295219786454
2012-12-01 00:00:00+00:00,1712.86,1723.29,1633.98,1662.61,3803168,0,950701353,50.25,89.30999999999995,10.430000000000064,28.62999999999988,-1,1673.2933333333333,0.562646960026243
2013-01-01 00:00:00+00:00,1678.22,1696.12,1624.22,1663.56,4022989,0,998662261,14.660000000000082,71.89999999999986,17.899999999999864,39.33999999999992,-1,1661.3,0.20389429763532294
2013-02-01 00:00:00+00:00,1662.0,1684.46,1553.43,1579.41,3625281,0,765687123,82.58999999999992,131.02999999999997,22.460000000000036,25.980000000000018,-1,1605.7666666666667,0.6303136686250241
2013-03-01 00:00:00+00:00,1577.93,1616.8,1559.87,1597.09,4410573,0,999277338,19.159999999999854,56.930000000000064,19.710000000000036,18.060000000000173,1,1591.2533333333333,0.3365536623918176
2013-04-01 00:00:00+00:00,1595.77,1603.86,1320.03,1476.38,8134036,0,2074156459,119.38999999999987,283.8299999999999,8.089999999999918,156.35000000000014,-1,1466.756666666667,0.4206391149630337
2013-05-01 00:00:00+00:00,1474.12,1488.03,1336.57,1387.52,8043866,0,2065712240,86.59999999999991,151.46000000000004,13.910000000000082,50.950000000000045,-1,1404.04,0.5717681235966111
2013-06-01 00:00:00+00:00,1387.6,1423.71,1178.67,1234.08,7637600,0,2052191173,153.51999999999998,245.03999999999996,36.11000000000013,55.409999999999854,-1,1278.82,0.6265099575576941
2013-07-01 00:00:00+00:00,1231.64,1347.52,1206.6,1324.72,7561761,0,2021263299,93.07999999999993,140.92000000000007,22.799999999999955,25.04000000000019,1,1292.9466666666667,0.6605166051655822
2013-08-01 00:00:00+00:00,1322.83,1433.72,1271.23,1394.87,8144881,0,2336192334,72.03999999999996,162.49,38.850000000000136,51.59999999999991,1,1366.6066666666666,0.44335036002188216
2013-09-01 00:00:00+00:00,1392.03,1416.32,1290.09,1328.54,8014575,0,2283936894,63.49000000000001,126.23000000000002,24.289999999999964,38.450000000000045,-1,1344.9833333333333,0.5029707676459614
2013-10-01 00:00:00+00:00,1326.06,1361.79,1250.16,1322.85,11204176,0,2725385416,3.2100000000000364,111.62999999999988,35.73000000000002,72.68999999999983,-1,1311.6,0.028755710830396526
2013-11-01 00:00:00+00:00,1322.86,1327.44,1225.69,1251.26,5698929,0,1048642270,71.59999999999991,101.75,4.580000000000155,25.569999999999936,-1,1268.13,0.7036855036848112
2013-12-01 00:00:00+00:00,1252.39,1267.5,1182.07,1206.55,1313892,0,0,45.840000000000146,85.43000000000006,15.1099999999999,24.480000000000018,-1,1218.7066666666667,0.5365796558579708
2014-01-01 00:00:00+00:00,1225.37,1278.7,1213.28,1244.11,1293401,0,0,18.74000000000001,65.42000000000007,34.590000000000146,12.089999999999918,1,1245.3633333333335,0.2864567410573424
2014-02-01 00:00:00+00:00,1243.28,1344.97,1240.46,1326.0,1123170,0,0,82.72000000000003,104.50999999999999,18.970000000000027,2.8199999999999363,1,1303.8100000000002,0.7915032054341296
2014-03-01 00:00:00+00:00,1325.33,1391.78,1281.98,1283.5,1173225,0,0,41.82999999999993,109.79999999999995,66.45000000000005,1.5199999999999818,-1,1319.0866666666668,0.38096539162078186
2014-04-01 00:00:00+00:00,1284.06,1330.78,1268.12,1291.06,909558,0,0,7.0,62.66000000000008,39.72000000000003,15.940000000000055,1,1296.6533333333332,0.11171401212877145
2014-05-01 00:00:00+00:00,1291.25,1315.58,1241.86,1249.13,1028496,0,0,42.11999999999989,73.72000000000003,24.329999999999927,7.270000000000209,-1,1268.8566666666666,0.5713510580567381
2014-06-01 00:00:00+00:00,1250.06,1329.08,1240.22,1326.83,1081318,0,0,76.76999999999998,88.8599999999999,2.25,9.839999999999918,1,1298.71,0.8639432815655376
2014-07-01 00:00:00+00:00,1325.75,1345.18,1280.09,1282.23,1209489,0,0,43.51999999999998,65.09000000000015,19.430000000000064,2.1400000000001,-1,1302.5,0.6686126901203414
2014-08-01 00:00:00+00:00,1282.66,1322.68,1272.5,1286.9,762786,0,0,4.240000000000009,50.180000000000064,35.77999999999997,10.160000000000082,1,1294.0266666666669,0.08449581506559493
2014-09-01 00:00:00+00:00,1287.52,1290.0,1204.1,1207.74,872314,0,0,79.77999999999997,85.90000000000009,2.480000000000018,3.6400000000001,-1,1233.9466666666667,0.9287543655402446
2014-10-01 00:00:00+00:00,1207.35,1255.25,1160.77,1172.29,1155767,0,0,35.059999999999945,94.48000000000002,47.90000000000009,11.519999999999982,-1,1196.1033333333332,0.37108382726463623
2014-11-01 00:00:00+00:00,1170.17,1207.87,1131.37,1166.65,1229650,0,0,3.519999999999982,76.5,37.69999999999982,35.2800000000002,-1,1168.6299999999999,0.04601307189536445
2014-12-01 00:00:00+00:00,1159.65,1238.3,1142.41,1188.12,1466515,0,0,28.4699999999998,95.88999999999987,50.180000000000064,17.24000000000001,1,1189.61,0.2969027010112644
2015-01-01 00:00:00+00:00,1182.56,1307.65,1167.06,1283.11,1402289,0,0,100.54999999999995,140.59000000000015,24.54000000000019,15.5,1,1252.6066666666666,0.715200227611696
2015-02-01 00:00:00+00:00,1282.48,1285.76,1190.04,1212.76,952214,0,0,69.72000000000003,95.72000000000003,3.2799999999999727,22.720000000000027,-1,1229.5200000000002,0.7283744254066775
2015-03-01 00:00:00+00:00,1213.37,1223.29,1142.36,1183.16,1041111,0,0,30.20999999999981,80.93000000000006,9.920000000000073,40.80000000000018,-1,1182.9366666666665,0.3732855554177988
2015-04-01 00:00:00+00:00,1182.74,1224.28,1174.79,1183.92,841347,0,0,1.1800000000000637,49.49000000000001,40.3599999999999,7.9500000000000455,1,1194.33,0.023843200646548376
2015-05-01 00:00:00+00:00,1184.0,1232.45,1169.92,1189.7,3171591,0,0,5.7000000000000455,62.52999999999997,42.75,14.079999999999927,1,1197.3566666666666,0.09115624500225383
2015-06-01 00:00:00+00:00,1193.68,1205.85,1162.33,1171.74,3552188,0,0,21.940000000000055,43.51999999999998,12.169999999999845,9.410000000000082,-1,1179.9733333333334,0.5041360294106078
2015-07-01 00:00:00+00:00,1172.28,1175.12,1071.27,1095.27,3702160,0,0,77.00999999999999,103.84999999999991,2.839999999999918,24.0,-1,1113.8866666666665,0.7415503129506587
2015-08-01 00:00:00+00:00,1094.88,1170.22,1080.62,1134.49,3918237,0,0,39.6099999999999,89.60000000000014,35.73000000000002,14.260000000000218,1,1128.4433333333334,0.44207589285664767
2015-09-01 00:00:00+00:00,1135.51,1156.78,1098.34,1114.28,3358166,0,0,21.230000000000018,58.440000000000055,21.269999999999982,15.940000000000055,-1,1123.1333333333332,0.363278576316969
2015-10-01 00:00:00+00:00,1115.28,1191.6,1104.22,1141.56,3355942,0,0,26.279999999999973,87.37999999999988,50.039999999999964,11.059999999999945,1,1145.7933333333333,0.30075532158354235
2015-11-01 00:00:00+00:00,1140.75,1143.07,1052.37,1064.39,3505621,0,0,76.3599999999999,90.70000000000005,2.3199999999999363,12.02000000000021,-1,1086.61,0.8418963616308233
2015-12-01 00:00:00+00:00,1064.33,1088.88,1045.95,1062.05,3841946,0,0,2.2799999999999727,42.930000000000064,24.550000000000182,16.09999999999991,-1,1065.6266666666668,0.05310971348694755
2016-01-01 00:00:00+00:00,1063.31,1128.17,1061.36,1117.74,3798047,0,0,54.430000000000064,66.81000000000017,10.430000000000064,1.9500000000000455,1,1102.4233333333332,0.8146983984421262
2016-02-01 00:00:00+00:00,1117.86,1263.39,1115.06,1238.04,5789096,0,0,120.18000000000006,148.33000000000015,25.350000000000136,2.7999999999999545,1,1205.4966666666667,0.810220454391687
2016-03-01 00:00:00+00:00,1240.36,1284.1,1207.58,1232.35,6009168,0,0,8.009999999999991,76.51999999999998,43.74000000000001,24.769999999999982,-1,1241.3433333333332,0.10467851542066813
2016-04-01 00:00:00+00:00,1231.76,1296.76,1208.59,1292.8,5346273,0,0,61.039999999999964,88.17000000000007,3.9600000000000364,23.170000000000073,1,1266.05,0.6922989679021286
2016-05-01 00:00:00+00:00,1295.07,1303.81,1199.78,1214.9,5238009,0,0,80.16999999999985,104.02999999999997,8.740000000000009,15.120000000000118,-1,1239.4966666666667,0.7706430837251063
2016-06-01 00:00:00+00:00,1216.77,1358.42,1205.61,1321.31,4514013,0,0,104.53999999999996,152.81000000000017,37.11000000000013,11.160000000000082,1,1295.1133333333332,0.68411753157471
2016-07-01 00:00:00+00:00,1321.86,1375.13,1310.42,1350.51,3892416,0,0,28.65000000000009,64.71000000000004,24.62000000000012,11.439999999999827,1,1345.3533333333335,0.4427445526186957
2016-08-01 00:00:00+00:00,1349.09,1367.34,1303.9,1308.55,4356517,0,0,40.539999999999964,63.43999999999983,18.25,4.649999999999864,-1,1326.5966666666666,0.639029003782096
2016-09-01 00:00:00+00:00,1309.7,1352.65,1302.09,1315.52,4032825,0,0,5.819999999999936,50.56000000000017,37.13000000000011,7.610000000000127,1,1323.4199999999998,0.11511075949344156
2016-10-01 00:00:00+00:00,1315.52,1319.67,1241.4,1276.73,3240090,0,0,38.789999999999964,78.26999999999998,4.150000000000091,35.32999999999993,-1,1279.2666666666667,0.49559218091159335
2016-11-01 00:00:00+00:00,1276.46,1337.45,1170.57,1172.89,4439902,0,0,103.56999999999994,166.8800000000001,60.99000000000001,2.3200000000001637,-1,1226.97,0.6206255992326092
2016-12-01 00:00:00+00:00,1172.32,1187.99,1122.74,1151.36,2713015,0,0,20.960000000000036,65.25,15.670000000000073,28.61999999999989,-1,1154.03,0.32122605363935497
2017-01-01 00:00:00+00:00,1151.61,1220.01,1146.07,1209.92,3498242,0,0,58.31000000000017,73.94000000000005,10.089999999999918,5.539999999999964,1,1192.0,0.7886123884219809
2017-02-01 00:00:00+00:00,1211.57,1263.9,1198.17,1247.64,3093008,0,0,36.070000000000164,65.73000000000002,16.25999999999999,13.399999999999864,1,1236.57,0.5487600791106843
2017-03-01 00:00:00+00:00,1245.98,1261.09,1195.02,1248.51,2440539,0,0,2.5299999999999727,66.06999999999994,12.579999999999927,50.960000000000036,1,1234.8733333333332,0.03829271984253286
2017-04-01 00:00:00+00:00,1248.23,1295.45,1243.72,1267.43,2289865,0,0,19.200000000000045,51.73000000000002,28.019999999999982,4.509999999999991,1,1268.8666666666668,0.3711579354332674
2017-05-01 00:00:00+00:00,1270.33,1274.18,1214.28,1268.33,2511731,0,0,2.0,59.90000000000009,3.8500000000001364,54.049999999999955,-1,1252.2633333333333,0.03338898163600431
2017-06-01 00:00:00+00:00,1268.72,1296.06,1236.14,1241.2,2404566,0,0,27.519999999999982,59.919999999999845,27.339999999999918,5.059999999999945,-1,1257.8,0.45927903871752546
2017-07-01 00:00:00+00:00,1241.61,1271.27,1204.86,1269.22,2140320,0,0,27.610000000000127,66.41000000000008,2.0499999999999545,36.75,1,1248.45,0.41575063996323625
2017-08-01 00:00:00+00:00,1267.56,1325.99,1251.52,1320.92,1753722,0,0,53.36000000000013,74.47000000000003,5.069999999999936,16.039999999999964,1,1299.4766666666667,0.7165301463667041
2017-09-01 00:00:00+00:00,1321.29,1357.46,1275.96,1279.72,1184349,0,0,41.569999999999936,81.5,36.17000000000007,3.759999999999991,-1,1304.38,0.510061349692625
2017-10-01 00:00:00+00:00,1279.39,1306.03,1260.67,1269.98,1050311,0,0,9.410000000000082,45.3599999999999,26.639999999999873,9.309999999999945,-1,1278.8933333333332,0.20745149911771069
2017-11-01 00:00:00+00:00,1270.81,1299.27,1265.55,1274.97,1074042,4,0,4.160000000000082,33.72000000000003,24.299999999999955,5.259999999999991,1,1279.93,0.1233689205215819
2017-12-01 00:00:00+00:00,1274.98,1307.59,1236.5,1302.53,874563,4,0,27.549999999999955,71.08999999999992,5.059999999999945,38.48000000000002,1,1282.2066666666667,0.38753692502407133
2018-01-01 00:00:00+00:00,1306.8,1366.04,1304.22,1345.25,1502663,0,0,38.450000000000045,61.819999999999936,20.789999999999964,2.5799999999999272,1,1338.5033333333333,0.6219670009695549
2018-02-01 00:00:00+00:00,1345.27,1361.71,1307.07,1317.38,1354778,6,0,27.889999999999873,54.6400000000001,16.440000000000055,10.310000000000173,-1,1328.72,0.5104319180078474
2018-03-01 00:00:00+00:00,1317.37,1356.84,1302.83,1325.18,1320351,4,0,7.810000000000173,54.00999999999999,31.659999999999854,14.539999999999964,1,1328.2833333333335,0.1446028513235644
2018-04-01 00:00:00+00:00,1325.49,1365.24,1310.24,1315.19,1456793,1,0,10.299999999999955,55.0,39.75,4.9500000000000455,-1,1330.2233333333334,0.18727272727238595
2018-05-01 00:00:00+00:00,1315.2,1325.92,1282.09,1299.45,1345538,6,0,15.75,43.830000000000155,10.720000000000027,17.360000000000127,-1,1302.4866666666667,0.35934291581026717
2018-06-01 00:00:00+00:00,1299.45,1309.28,1245.92,1252.63,1925412,5,0,46.819999999999936,63.3599999999999,9.829999999999927,6.710000000000036,-1,1269.2766666666666,0.738952020200854
2018-07-01 00:00:00+00:00,1251.61,1265.92,1211.37,1223.92,1546426,4,0,27.689999999999827,54.55000000000018,14.310000000000173,12.550000000000182,-1,1233.7366666666667,0.5076076993574514
2018-08-01 00:00:00+00:00,1223.93,1224.76,1160.13,1200.95,1382985,5,0,22.980000000000018,64.62999999999988,0.8299999999999272,40.819999999999936,-1,1195.28,0.355562432306429
2018-09-01 00:00:00+00:00,1200.67,1212.64,1180.75,1190.91,1295798,5,0,9.759999999999991,31.8900000000001,11.970000000000027,10.160000000000082,-1,1194.7666666666667,0.306052053934442
2018-10-01 00:00:00+00:00,1191.0,1243.41,1183.22,1216.03,1579368,5,0,25.029999999999973,60.190000000000055,27.38000000000011,7.779999999999973,1,1214.22,0.4158498089376701
2018-11-01 00:00:00+00:00,1214.64,1237.33,1196.26,1222.0,1410469,6,0,7.3599999999999,41.069999999999936,15.329999999999927,18.38000000000011,1,1218.53,0.1792062332598488
2018-12-01 00:00:00+00:00,1220.87,1284.05,1220.87,1282.42,1255403,8,0,61.55000000000018,63.180000000000064,1.6299999999998818,0.0,1,1262.4466666666667,0.9742006964213785
2019-01-01 00:00:00+00:00,1282.53,1326.23,1276.64,1321.07,1448163,9,0,38.539999999999964,49.58999999999992,5.160000000000082,5.889999999999873,1,1307.9799999999998,0.7771728170986552
2019-02-01 00:00:00+00:00,1321.07,1346.68,1302.28,1314.24,1017932,9,0,6.829999999999927,44.40000000000009,25.610000000000127,11.960000000000036,-1,1321.0666666666666,0.1538288288284804
2019-03-01 00:00:00+00:00,1314.25,1324.51,1280.71,1291.79,995941,8,0,22.460000000000036,43.799999999999955,10.259999999999991,11.079999999999927,-1,1299.0033333333333,0.5127853881266845
2019-04-01 00:00:00+00:00,1291.8,1310.58,1266.28,1283.17,871428,7,0,8.629999999999882,44.299999999999955,18.779999999999973,16.8900000000001,-1,1286.6766666666665,0.194808126410393
2019-05-01 00:00:00+00:00,1283.15,1306.88,1266.23,1305.33,1128720,7,0,22.179999999999836,40.65000000000009,1.550000000000182,16.920000000000073,1,1292.8133333333333,0.5456334563332158
2019-06-01 00:00:00+00:00,1307.19,1438.97,1305.77,1392.07,1428805,7,0,84.87999999999988,133.20000000000005,46.90000000000009,1.4200000000000728,1,1378.9366666666665,0.6372372372367577
2019-07-01 00:00:00+00:00,1392.05,1452.85,1381.69,1412.26,1628693,9,0,20.210000000000036,71.15999999999985,40.58999999999992,10.3599999999999,1,1415.6000000000001,0.2840078695892591
2019-08-01 00:00:00+00:00,1412.26,1555.03,1400.49,1520.28,1866194,9,0,108.01999999999998,154.53999999999996,34.75,11.769999999999982,1,1491.9333333333334,0.6989776109740528
2019-09-01 00:00:00+00:00,1526.3,1557.0,1464.42,1473.64,3335204,5,0,52.659999999999854,92.57999999999993,30.700000000000045,9.220000000000027,-1,1498.3533333333335,0.5688053575280083
2019-10-01 00:00:00+00:00,1473.62,1519.57,1459.06,1512.24,3934131,8,0,38.62000000000012,60.50999999999999,7.329999999999927,14.559999999999945,1,1496.9566666666667,0.6382416129554833
2019-11-01 00:00:00+00:00,1512.79,1516.02,1445.6,1463.53,3344952,8,0,49.25999999999999,70.42000000000007,3.230000000000018,17.930000000000064,-1,1475.05,0.69951718261758
2019-12-01 00:00:00+00:00,1464.11,1525.27,1453.96,1517.05,2573357,8,0,52.940000000000055,71.30999999999995,8.220000000000027,10.149999999999864,1,1498.76,0.7423923713353787
2020-01-01 00:00:00+00:00,1517.93,1611.36,1517.22,1588.68,2973719,8,0,70.75,94.13999999999987,22.679999999999836,0.7100000000000364,1,1572.42,0.7515402591876454
2020-02-01 00:00:00+00:00,1593.36,1689.28,1547.42,1584.46,2918642,4,0,8.899999999999864,141.8599999999999,95.92000000000007,37.039999999999964,-1,1607.0533333333333,0.06273791061605524
2020-03-01 00:00:00+00:00,1591.64,1703.19,1451.2,1578.68,3986897,4,0,12.960000000000036,251.99,111.54999999999995,127.48000000000002,-1,1577.6900000000003,0.05143061232586568
2020-04-01 00:00:00+00:00,1578.72,1747.77,1562.22,1687.92,3367720,0,0,109.20000000000005,185.54999999999995,59.84999999999991,16.5,1,1665.97,0.5885206143893357
2020-05-01 00:00:00+00:00,1688.0,1765.04,1669.84,1739.71,3614158,0,0,51.710000000000036,95.20000000000005,25.329999999999927,18.160000000000082,1,1724.8633333333335,0.5431722689069926
2020-06-01 00:00:00+00:00,1739.72,1785.83,1670.54,1782.99,2644982,0,0,43.26999999999998,115.28999999999996,2.839999999999918,69.18000000000006,1,1746.4533333333331,0.37531442449442676
2020-07-01 00:00:00+00:00,1782.91,1982.86,1757.17,1974.41,1596572,9,0,191.5,225.68999999999983,8.449999999999818,25.74000000000001,1,1904.8133333333333,0.8485090167925708
2020-08-01 00:00:00+00:00,1978.56,2074.67,1862.31,1967.8,1964974,9,0,10.759999999999991,212.36000000000013,96.11000000000013,105.49000000000001,-1,1968.26,0.05066867583346637
2020-09-01 00:00:00+00:00,1967.82,1992.28,1848.59,1887.67,1842227,9,0,80.14999999999986,143.69000000000005,24.460000000000036,39.080000000000155,-1,1909.5133333333333,0.5577980374413255
2020-10-01 00:00:00+00:00,1887.61,1933.15,1859.82,1878.52,1689781,9,0,9.089999999999918,73.33000000000015,45.54000000000019,18.700000000000045,-1,1890.4966666666667,0.12396018000801176
2020-11-01 00:00:00+00:00,1878.05,1965.4,1764.28,1778.62,1580492,9,0,99.43000000000006,201.12000000000012,87.35000000000014,14.339999999999918,-1,1836.1000000000001,0.4943814638024591
2020-12-01 00:00:00+00:00,1778.67,1906.65,1775.55,1897.79,1555883,13,0,119.11999999999989,131.10000000000014,8.860000000000127,3.1200000000001182,1,1859.9966666666667,0.9086193745225699
2021-01-01 00:00:00+00:00,1909.1,1959.3,1801.71,1855.82,1694783,0,0,53.27999999999997,157.58999999999992,50.200000000000045,54.1099999999999,-1,1872.2766666666666,0.3380925185606079
2021-02-01 00:00:00+00:00,1855.76,1871.75,1717.07,1739.13,1959062,0,0,116.62999999999988,154.68000000000006,15.990000000000009,22.060000000000173,-1,1775.9833333333333,0.7540082751482056
2021-03-01 00:00:00+00:00,1739.13,1759.77,1676.7,1707.44,2152023,0,0,31.690000000000055,83.06999999999994,20.639999999999873,30.74000000000001,-1,1714.6366666666665,0.38148549416109223
2021-04-01 00:00:00+00:00,1707.4,1797.79,1705.65,1768.9,1734334,0,0,61.5,92.13999999999987,28.889999999999873,1.75,1,1757.4466666666667,0.6674625569777874
2021-05-01 00:00:00+00:00,1767.97,1912.65,1765.82,1908.05,1826241,0,0,140.07999999999993,146.83000000000015,4.600000000000136,2.150000000000091,1,1862.1733333333334,0.9540284682960184
2021-06-01 00:00:00+00:00,1908.05,1916.44,1750.5,1768.21,1793638,0,0,139.83999999999992,165.94000000000005,8.3900000000001,17.710000000000036,-1,1811.7166666666665,0.8427142340599952
2021-07-01 00:00:00+00:00,1768.24,1833.75,1765.58,1814.29,1752858,0,0,46.049999999999955,68.17000000000007,19.460000000000036,2.660000000000082,1,1804.54,0.6755170896278767
2021-08-01 00:00:00+00:00,1813.9,1831.56,1638.76,1814.48,2231413,0,0,0.5799999999999272,192.79999999999995,17.079999999999927,175.1400000000001,1,1761.5999999999997,0.0030082987551847853
2021-09-01 00:00:00+00:00,1814.48,1833.86,1721.57,1753.08,2503528,0,0,61.40000000000009,112.28999999999996,19.37999999999988,31.50999999999999,-1,1769.5033333333333,0.5467984682513619
2021-10-01 00:00:00+00:00,1753.09,1813.67,1745.75,1780.09,2637965,0,0,27.0,67.92000000000007,33.580000000000155,7.339999999999918,1,1779.8366666666668,0.39752650176619875
2021-11-01 00:00:00+00:00,1780.09,1877.01,1758.73,1773.18,2538152,0,0,6.9099999999998545,118.27999999999997,96.92000000000007,14.450000000000045,-1,1802.9733333333334,0.05842069665196156
2021-12-01 00:00:00+00:00,1773.16,1830.29,1752.42,1829.17,1587987,0,0,56.00999999999999,77.86999999999989,1.1199999999998909,20.74000000000001,1,1803.96,0.719275715935895
2022-01-01 00:00:00+00:00,1828.85,1853.7,1780.19,1797.84,2695715,0,0,31.00999999999999,73.50999999999999,24.850000000000136,17.649999999999864,-1,1810.5766666666668,0.4218473677045002
2022-02-01 00:00:00+00:00,1797.81,1974.13,1788.5,1906.32,2662539,0,0,108.50999999999999,185.6300000000001,67.81000000000017,9.309999999999945,1,1889.6499999999999,0.5845499111131901
2022-03-01 00:00:00+00:00,1906.32,2070.41,1889.94,1936.66,3535874,0,0,30.340000000000146,180.4699999999998,133.74999999999977,16.37999999999988,1,1965.67,0.1681165844737816
2022-04-01 00:00:00+00:00,1936.73,1998.21,1871.9,1896.3,3346749,0,0,40.430000000000064,126.30999999999995,61.48000000000002,24.399999999999864,-1,1922.1366666666665,0.32008550391867685
2022-05-01 00:00:00+00:00,1896.76,1909.63,1786.63,1836.42,4059887,0,0,60.33999999999992,123.0,12.870000000000118,49.789999999999964,-1,1844.2266666666667,0.4905691056906574
2022-06-01 00:00:00+00:00,1836.43,1878.99,1802.54,1806.59,2931832,0,0,29.840000000000146,76.45000000000005,42.559999999999945,4.0499999999999545,-1,1829.3733333333332,0.3903204708955016
2022-07-01 00:00:00+00:00,1806.65,1814.14,1680.81,1762.15,3124198,0,0,44.5,133.33000000000015,7.490000000000009,81.34000000000015,-1,1752.3666666666668,0.3337583439583483
2022-08-01 00:00:00+00:00,1762.16,1807.8,1707.69,1708.93,2832632,0,0,53.23000000000002,100.1099999999999,45.63999999999987,1.240000000000009,-1,1741.4733333333334,0.5317151133747567
2022-09-01 00:00:00+00:00,1708.92,1735.05,1614.71,1660.8,3214937,0,0,48.12000000000012,120.33999999999992,26.12999999999988,46.08999999999992,-1,1670.1866666666667,0.3998670433767672
2022-10-01 00:00:00+00:00,1660.68,1729.4,1617.13,1632.44,3100220,0,0,28.24000000000001,112.26999999999998,68.72000000000003,15.309999999999945,-1,1659.6566666666668,0.25153647457000855
2022-11-01 00:00:00+00:00,1632.49,1786.46,1616.54,1773.43,3043147,0,0,140.94000000000005,169.92000000000007,13.029999999999973,15.950000000000045,1,1725.4766666666667,0.8294491525418848
2022-12-01 00:00:00+00:00,1773.43,1833.25,1765.69,1824.21,2733198,0,0,50.77999999999997,67.55999999999995,9.039999999999964,7.740000000000009,1,1807.7166666666665,0.7516281823553116
2023-01-01 00:00:00+00:00,1827.67,1949.15,1823.64,1927.34,2648933,0,0,99.66999999999985,125.50999999999999,21.810000000000173,4.029999999999973,1,1900.0433333333333,0.7941199904383749
2023-02-01 00:00:00+00:00,1927.34,1959.66,1804.6,1825.52,2621175,0,0,101.81999999999994,155.06000000000017,32.320000000000164,20.920000000000073,-1,1863.2600000000002,0.6566490390812213
2023-03-01 00:00:00+00:00,1825.52,2009.75,1809.35,1969.22,3908815,0,0,143.70000000000005,200.4000000000001,40.52999999999997,16.170000000000073,1,1929.4399999999998,0.7170658682631151
2023-04-01 00:00:00+00:00,1971.09,2048.65,1949.7,1986.84,2364289,0,0,15.75,98.95000000000005,61.81000000000017,21.389999999999873,1,1995.0633333333335,0.15917129863551366
2023-05-01 00:00:00+00:00,1987.05,2077.89,1932.0,1966.3,3039455,0,0,20.75,145.88999999999987,90.83999999999992,34.299999999999955,-1,1992.0633333333333,0.1422304475974076
2023-06-01 00:00:00+00:00,1966.32,1983.39,1892.91,1919.19,2886338,0,0,47.12999999999988,90.48000000000002,17.070000000000164,26.279999999999973,-1,1931.83,0.5208885941638791
2023-07-01 00:00:00+00:00,1918.64,1987.39,1902.59,1963.93,2246595,0,0,45.289999999999964,84.80000000000018,23.460000000000036,16.050000000000182,1,1951.3033333333333,0.5340801886786138
2023-08-01 00:00:00+00:00,1963.89,1966.03,1884.74,1939.89,2250151,0,0,24.0,81.28999999999996,2.1399999999998727,55.15000000000009,-1,1930.22,0.2952392668221243
2023-09-01 00:00:00+00:00,1939.9,1952.87,1846.26,1849.04,2031682,0,0,90.86000000000013,106.6099999999999,12.9699999999998,2.7799999999999727,-1,1882.7233333333334,0.8522652659217239
2023-10-01 00:00:00+00:00,1847.39,2009.41,1810.3,1983.68,2877894,0,0,136.28999999999996,199.11000000000013,25.730000000000018,37.090000000000146,1,1934.4633333333334,0.6844960072318389
2023-11-01 00:00:00+00:00,1983.72,2051.91,1928.83,2040.09,2105283,0,0,56.36999999999989,123.07999999999993,11.819999999999936,54.8900000000001,1,2006.9433333333334,0.457994800129624
2023-12-01 00:00:00+00:00,2040.09,2145.77,1972.94,2062.79,2287283,0,0,22.700000000000045,172.82999999999993,82.98000000000002,67.14999999999986,1,2060.5,0.13134293814723672
2024-01-01 00:00:00+00:00,2062.83,2078.89,2001.74,2039.95,2634284,0,0,22.87999999999988,77.14999999999986,16.059999999999945,38.210000000000036,-1,2040.1933333333334,0.29656513285768327
2024-02-01 00:00:00+00:00,2039.99,2065.45,1984.07,2044.3,3104402,0,0,4.309999999999945,81.37999999999988,21.149999999999864,55.92000000000007,1,2031.2733333333333,0.05296141558115822
2024-03-01 00:00:00+00:00,2044.3,2247.32,2039.03,2246.0,2921099,0,0,201.70000000000005,208.2900000000002,1.3200000000001637,5.269999999999982,1,2177.4500000000003,0.968361419174723
2024-04-01 00:00:00+00:00,2246.0,2431.44,2228.51,2285.86,2589389,0,0,39.86000000000013,202.92999999999984,145.57999999999993,17.48999999999978,1,2315.2700000000004,0.19642241166895244
2024-05-01 00:00:00+00:00,2286.02,2450.04,2277.38,2327.01,3007824,0,0,40.99000000000024,172.65999999999985,123.02999999999975,8.639999999999873,1,2351.476666666667,0.23740298853223984
2024-06-01 00:00:00+00:00,2327.12,2387.69,2286.75,2326.42,3154634,5,0,0.6999999999998181,100.94000000000005,60.570000000000164,39.67000000000007,-1,2333.6200000000003,0.006934812760046803
2024-07-01 00:00:00+00:00,2326.42,2483.64,2318.51,2447.19,2277655,0,0,120.76999999999998,165.12999999999965,36.44999999999982,7.9099999999998545,1,2416.4466666666667,0.7313631684123243
2024-08-01 00:00:00+00:00,2447.0,2531.63,2364.31,2502.91,2543553,0,0,55.909999999999854,167.32000000000016,28.720000000000255,82.69000000000005,1,2466.2833333333333,0.33415013148437955
2024-09-01 00:00:00+00:00,2503.07,2685.57,2471.91,2634.47,2192694,0,0,131.39999999999964,213.6600000000003,51.100000000000364,31.16000000000031,1,2597.316666666666,0.6149957876997939
2024-10-01 00:00:00+00:00,2634.34,2790.07,2602.41,2743.52,2338303,0,0,109.17999999999984,187.6600000000003,46.55000000000018,31.93000000000029,1,2712.0,0.5817968666734599
2024-11-01 00:00:00+00:00,2743.75,2762.19,2536.77,2650.32,2810148,4,0,93.42999999999984,225.42000000000007,18.440000000000055,113.55000000000018,-1,2649.76,0.41447076568165364
2024-12-01 00:00:00+00:00,2653.28,2726.1,2582.54,2624.13,2473761,11,0,29.15000000000009,143.55999999999995,72.81999999999971,41.590000000000146,-1,2644.2566666666667,0.20305098913332265
2025-01-01 00:00:00+00:00,2624.49,2817.08,2614.71,2799.37,2818371,8,0,174.8800000000001,202.3699999999999,17.710000000000036,9.779999999999745,1,2743.72,0.8641597074660957
2025-02-01 00:00:00+00:00,2804.21,2956.17,2772.09,2857.56,2927319,7,0,53.34999999999991,184.07999999999993,98.61000000000013,32.11999999999989,1,2861.94,0.28981964363304513
2025-03-01 00:00:00+00:00,2856.12,3127.83,2855.13,3124.27,2799583,6,0,268.1500000000001,272.6999999999998,3.5599999999999454,0.9899999999997817,1,3035.7433333333333,0.9833149981661238
2025-04-01 00:00:00+00:00,3122.68,3499.94,2956.49,3289.63,3657072,0,0,166.95000000000027,543.4500000000003,210.30999999999995,166.19000000000005,1,3248.686666666667,0.30720397460662335
2025-05-01 00:00:00+00:00,3289.08,3438.03,3120.89,3289.03,3091848,18,0,0.04999999999972715,317.1400000000003,148.95000000000027,168.14000000000033,-1,3282.65,0.00015765907800880158
2025-06-01 00:00:00+00:00,3298.79,3451.2,3248.9,3302.47,2586632,18,0,3.6799999999998363,202.29999999999973,148.73000000000002,49.88999999999987,1,3334.19,0.018190805734048552
2025-07-01 00:00:00+00:00,3303.36,3438.84,3268.04,3289.61,2320856,16,0,13.75,170.80000000000018,135.48000000000002,21.570000000000164,-1,3332.1633333333334,0.08050351288051484
2025-08-01 00:00:00+00:00,3290.48,3453.82,3281.59,3446.39,2288260,16,0,155.90999999999985,172.23000000000002,7.430000000000291,8.889999999999873,1,3393.933333333333,0.9052429890257756
2025-09-01 00:00:00+00:00,3446.14,3871.56,3437.05,3858.62,3386218,16,0,412.48,434.50999999999976,12.940000000000055,9.08999999999969,1,3722.41,0.9492992106048315
2025-10-01 00:00:00+00:00,3859.37,4381.25,3819.36,4002.73,4849499,16,0,143.36000000000013,561.8899999999999,378.52,40.00999999999976,1,4067.78,0.2551389061915582
2025-11-01 00:00:00+00:00,3982.63,4244.94,3928.69,4218.51,3626192,14,0,235.8800000000001,316.24999999999955,26.42999999999938,53.940000000000055,1,4130.713333333333,0.7458656126479869
2025-12-01 00:00:00+00:00,4223.38,4549.8,4163.58,4318.38,4218574,14,0,95.0,386.22000000000025,231.42000000000007,59.80000000000018,1,4343.920000000001,0.24597379731752717
2026-01-01 00:00:00+00:00,4329.24,5597.05,4309.98,4888.75,3607350,0,0,559.5100000000002,1287.0700000000006,708.3000000000002,19.26000000000022,1,4931.926666666666,0.43471606050949557
2026-02-01 00:00:00+00:00,4814.26,5280.09,4402.69,5278.25,3368870,0,0,463.9899999999998,877.4000000000005,1.8400000000001455,411.5700000000006,1,4987.009999999999,0.5288237975837093
2026-03-01 00:00:00+00:00,5298.96,5418.77,4320.07,4390.87,2794351,10,0,908.0900000000001,1098.7000000000007,119.8100000000004,70.80000000000018,-1,4709.903333333333,0.8265131519067233
